simulation_time_s,orbit_number,orbit_angle_deg,battery_level_percent,battery_voltage_v,solar_generation_w,total_load_w,net_power_w,onboard_data_volume_gb,in_sunlight,in_imaging_window,is_imaging,is_downlinking
0.0,0,0.0,82.0,12.5,0.0,7.0,0.0,0.0,True,False,False,False
60.0,0,3.7894736842105265,82.475,11.97,58.199999999999996,7.0,51.199999999999996,0.0,True,False,False,False
120.0,0,7.578947368421053,82.94999999999999,11.99,58.199999999999996,7.0,51.199999999999996,0.0,True,False,False,False
180.0,0,11.368421052631579,83.42499999999998,12.0,58.199999999999996,7.0,51.199999999999996,0.0,True,False,False,False
240.0,0,15.157894736842106,83.89999999999998,12.02,58.199999999999996,7.0,51.199999999999996,0.0,True,False,False,False
300.0,0,18.947368421052634,84.37499999999997,12.04,58.199999999999996,7.0,51.199999999999996,0.0,True,False,False,False
360.0,0,22.73684210526316,84.84999999999997,12.05,58.199999999999996,7.0,51.199999999999996,0.0,True,False,False,False
420.0,0,26.52631578947369,85.2173333333333,12.07,58.199999999999996,35.0,23.199999999999996,30.0,True,True,True,False
480.0,0,30.315789473684216,85.58466666666664,12.08,58.199999999999996,35.0,23.199999999999996,30.0,True,False,True,False
540.0,0,34.10526315789474,85.95199999999997,12.09,58.199999999999996,35.0,23.199999999999996,30.0,True,False,True,False
600.0,0,37.89473684210527,86.3193333333333,12.11,58.199999999999996,35.0,23.199999999999996,30.0,True,False,True,False
660.0,0,41.684210526315795,86.68666666666664,12.12,58.199999999999996,35.0,23.199999999999996,30.0,True,False,True,False
720.0,0,45.47368421052632,87.05399999999997,12.13,58.199999999999996,35.0,23.199999999999996,60.0,True,True,True,False
780.0,0,49.26315789473685,87.52899999999997,12.15,58.199999999999996,22.0,36.199999999999996,0.0,True,True,False,True
840.0,0,53.05263157894738,88.00399999999996,12.17,58.199999999999996,22.0,36.199999999999996,0.0,True,False,False,False
900.0,0,56.842105263157904,88.47899999999996,12.19,58.199999999999996,22.0,36.199999999999996,0.0,True,False,False,False
960.0,0,60.63157894736843,88.95399999999995,12.2,58.199999999999996,22.0,36.199999999999996,0.0,True,False,False,False
1020.0,0,64.42105263157896,89.42899999999995,12.22,58.199999999999996,22.0,36.199999999999996,0.0,True,False,False,False
1080.0,0,68.21052631578948,89.90399999999994,12.24,58.199999999999996,22.0,36.199999999999996,0.0,True,False,False,False
1140.0,0,72.0,90.37899999999993,12.25,58.199999999999996,22.0,36.199999999999996,0.0,True,False,False,False
1200.0,0,75.78947368421052,90.85399999999993,12.27,58.199999999999996,22.0,36.199999999999996,0.0,True,False,False,False
1260.0,0,79.57894736842104,91.32899999999992,12.29,58.199999999999996,22.0,36.199999999999996,0.0,True,False,False,False
1320.0,0,83.36842105263156,91.80399999999992,12.3,58.199999999999996,22.0,36.199999999999996,0.0,True,False,False,False
1380.0,0,87.15789473684208,92.27899999999991,12.32,58.199999999999996,22.0,36.199999999999996,0.0,True,False,False,False
1440.0,0,90.9473684210526,92.7539999999999,12.34,58.199999999999996,22.0,36.199999999999996,0.0,True,False,False,False
1500.0,0,94.73684210526312,93.2289999999999,12.36,58.199999999999996,22.0,36.199999999999996,0.0,True,False,False,False
1560.0,0,98.52631578947364,93.7039999999999,12.37,58.199999999999996,22.0,36.199999999999996,0.0,True,False,False,False
1620.0,0,102.31578947368416,94.17899999999989,12.39,58.199999999999996,22.0,36.199999999999996,0.0,True,False,False,False
1680.0,0,106.10526315789468,94.65399999999988,12.41,58.199999999999996,22.0,36.199999999999996,0.0,True,False,False,False
1740.0,0,109.8947368421052,95.12899999999988,12.42,58.199999999999996,22.0,36.199999999999996,0.0,True,False,False,False
1800.0,0,113.68421052631572,95.60399999999987,12.44,58.199999999999996,22.0,36.199999999999996,0.0,True,False,False,False
1860.0,0,117.47368421052624,95.48119298245601,12.44,0.0,7.0,-7.0,0.0,False,False,False,False
1920.0,0,121.26315789473676,95.35838596491215,12.43,0.0,7.0,-7.0,0.0,False,False,False,False
1980.0,0,125.05263157894728,95.23557894736828,12.43,0.0,7.0,-7.0,0.0,False,False,False,False
2040.0,0,128.8421052631578,95.11277192982442,12.42,0.0,7.0,-7.0,0.0,False,False,False,False
2100.0,0,132.63157894736833,94.98996491228056,12.42,0.0,7.0,-7.0,0.0,False,False,False,False
2160.0,0,136.42105263157885,94.86715789473669,12.42,0.0,7.0,-7.0,0.0,False,False,False,False
2220.0,0,140.21052631578937,94.74435087719283,12.41,0.0,7.0,-7.0,0.0,False,False,False,False
2280.0,0,143.9999999999999,94.62154385964897,12.41,0.0,7.0,-7.0,0.0,False,False,False,False
2340.0,0,147.7894736842104,94.4987368421051,12.4,0.0,7.0,-7.0,0.0,False,False,False,False
2400.0,0,151.57894736842093,94.37592982456124,12.4,0.0,7.0,-7.0,0.0,False,False,False,False
2460.0,0,155.36842105263145,94.25312280701738,12.39,0.0,7.0,-7.0,0.0,False,False,False,False
2520.0,0,159.15789473684197,94.13031578947351,12.39,0.0,7.0,-7.0,0.0,False,False,False,False
2580.0,0,162.9473684210525,94.00750877192965,12.38,0.0,7.0,-7.0,0.0,False,False,False,False
2640.0,0,166.736842105263,93.88470175438579,12.38,0.0,7.0,-7.0,0.0,False,False,False,False
2700.0,0,170.52631578947353,93.76189473684192,12.38,0.0,7.0,-7.0,0.0,False,False,False,False
2760.0,0,174.31578947368405,93.63908771929806,12.37,0.0,7.0,-7.0,0.0,False,False,False,False
2820.0,0,178.10526315789457,93.5162807017542,12.37,0.0,7.0,-7.0,0.0,False,False,False,False
2880.0,0,181.8947368421051,93.39347368421033,12.36,0.0,7.0,-7.0,0.0,False,False,False,False
2940.0,0,185.6842105263156,93.27066666666647,12.36,0.0,7.0,-7.0,0.0,False,False,False,False
3000.0,0,189.47368421052613,93.14785964912261,12.35,0.0,7.0,-7.0,0.0,False,False,False,False
3060.0,0,193.26315789473665,93.02505263157875,12.35,0.0,7.0,-7.0,0.0,False,False,False,False
3120.0,0,197.05263157894717,92.90224561403488,12.34,0.0,7.0,-7.0,0.0,False,False,False,False
3180.0,0,200.8421052631577,92.77943859649102,12.34,0.0,7.0,-7.0,0.0,False,False,False,False
3240.0,0,204.6315789473682,92.65663157894716,12.34,0.0,7.0,-7.0,0.0,False,False,False,False
3300.0,0,208.42105263157873,92.53382456140329,12.33,0.0,7.0,-7.0,0.0,False,False,False,False
3360.0,0,212.21052631578925,92.41101754385943,12.33,0.0,7.0,-7.0,0.0,False,False,False,False
3420.0,0,215.99999999999977,92.28821052631557,12.32,0.0,7.0,-7.0,0.0,False,False,False,False
3480.0,0,219.7894736842103,92.1654035087717,12.32,0.0,7.0,-7.0,0.0,False,False,False,False
3540.0,0,223.5789473684208,92.04259649122784,12.31,0.0,7.0,-7.0,0.0,False,False,False,False
3600.0,0,227.36842105263133,91.91978947368398,12.31,0.0,7.0,-7.0,0.0,False,False,False,False
3660.0,0,231.15789473684185,91.79698245614011,12.3,0.0,7.0,-7.0,0.0,False,False,False,False
3720.0,0,234.94736842105237,91.67417543859625,12.3,0.0,7.0,-7.0,0.0,False,False,False,False
3780.0,0,238.7368421052629,91.55136842105239,12.3,0.0,7.0,-7.0,0.0,False,False,False,False
3840.0,0,242.52631578947341,91.42856140350852,12.29,0.0,7.0,-7.0,0.0,False,False,False,False
3900.0,0,246.31578947368394,91.30575438596466,12.29,0.0,7.0,-7.0,0.0,False,False,False,False
3960.0,0,250.10526315789446,91.78075438596466,12.3,58.199999999999996,7.0,51.199999999999996,0.0,True,False,False,False
4020.0,0,253.89473684210498,92.25575438596465,12.32,58.199999999999996,7.0,51.199999999999996,0.0,True,False,False,False
4080.0,0,257.6842105263155,92.73075438596464,12.34,58.199999999999996,7.0,51.199999999999996,0.0,True,False,False,False
4140.0,0,261.473684210526,93.20575438596464,12.36,58.199999999999996,7.0,51.199999999999996,0.0,True,False,False,False
4200.0,0,265.26315789473654,93.68075438596463,12.37,58.199999999999996,7.0,51.199999999999996,0.0,True,False,False,False
4260.0,0,269.05263157894706,94.15575438596463,12.39,58.199999999999996,7.0,51.199999999999996,0.0,True,False,False,False
4320.0,0,272.8421052631576,94.63075438596462,12.41,58.199999999999996,7.0,51.199999999999996,0.0,True,False,False,False
4380.0,0,276.6315789473681,95.10575438596462,12.42,58.199999999999996,7.0,51.199999999999996,0.0,True,False,False,False
4440.0,0,280.4210526315786,95.58075438596461,12.44,58.199999999999996,7.0,51.199999999999996,0.0,True,False,False,False
4500.0,0,284.21052631578914,96.0557543859646,12.46,58.199999999999996,7.0,51.199999999999996,0.0,True,False,False,False
4560.0,0,287.99999999999966,96.5307543859646,12.48,58.199999999999996,7.0,51.199999999999996,0.0,True,False,False,False
4620.0,0,291.7894736842102,97.0057543859646,12.49,58.199999999999996,7.0,51.199999999999996,0.0,True,False,False,False
4680.0,0,295.5789473684207,97.48075438596459,12.51,58.199999999999996,7.0,51.199999999999996,0.0,True,False,False,False
4740.0,0,299.3684210526312,97.95575438596458,12.53,58.199999999999996,7.0,51.199999999999996,0.0,True,False,False,False
4800.0,0,303.15789473684174,98.43075438596458,12.54,58.199999999999996,7.0,51.199999999999996,0.0,True,False,False,False
4860.0,0,306.94736842105226,98.90575438596457,12.56,58.199999999999996,7.0,51.199999999999996,0.0,True,False,False,False
4920.0,0,310.7368421052628,99.38075438596456,12.58,58.199999999999996,7.0,51.199999999999996,0.0,True,False,False,False
4980.0,0,314.5263157894733,99.85575438596456,12.59,58.199999999999996,7.0,51.199999999999996,0.0,True,False,False,False
5040.0,0,318.3157894736838,100.0,12.6,58.199999999999996,7.0,51.199999999999996,0.0,True,False,False,False
5100.0,0,322.10526315789434,100.0,12.6,58.199999999999996,7.0,51.199999999999996,0.0,True,False,False,False
5160.0,0,325.89473684210486,100.0,12.6,58.199999999999996,7.0,51.199999999999996,0.0,True,False,False,False
5220.0,0,329.6842105263154,100.0,12.6,58.199999999999996,7.0,51.199999999999996,0.0,True,False,False,False
5280.0,0,333.4736842105259,100.0,12.6,58.199999999999996,7.0,51.199999999999996,0.0,True,False,False,False
5340.0,0,337.2631578947364,100.0,12.6,58.199999999999996,7.0,51.199999999999996,0.0,True,False,False,False
5400.0,0,341.05263157894694,100.0,12.6,58.199999999999996,7.0,51.199999999999996,0.0,True,False,False,False
5460.0,0,344.84210526315746,100.0,12.6,58.199999999999996,7.0,51.199999999999996,0.0,True,False,False,False
5520.0,0,348.631578947368,100.0,12.6,58.199999999999996,7.0,51.199999999999996,0.0,True,False,False,False
5580.0,0,352.4210526315785,100.0,12.6,58.199999999999996,7.0,51.199999999999996,0.0,True,False,False,False
5640.0,0,356.210526315789,100.0,12.6,58.199999999999996,7.0,51.199999999999996,0.0,True,False,False,False
5700.0,0,359.99999999999955,100.0,12.6,58.199999999999996,7.0,51.199999999999996,0.0,True,False,False,False
5760.0,1,3.7894736842100656,100.0,12.6,58.199999999999996,7.0,51.199999999999996,0.0,True,False,False,False
5820.0,1,7.578947368420592,100.0,12.6,58.199999999999996,7.0,51.199999999999996,0.0,True,False,False,False
5880.0,1,11.368421052631119,100.0,12.6,58.199999999999996,7.0,51.199999999999996,0.0,True,False,False,False
5940.0,1,15.157894736841644,100.0,12.6,58.199999999999996,7.0,51.199999999999996,0.0,True,False,False,False
6000.0,1,18.947368421052172,100.0,12.6,58.199999999999996,7.0,51.199999999999996,0.0,True,False,False,False
6060.0,1,22.7368421052627,100.0,12.6,58.199999999999996,7.0,51.199999999999996,0.0,True,False,False,False
6120.0,1,26.526315789473227,100.0,12.6,58.199999999999996,35.0,23.199999999999996,30.0,True,True,True,False
6180.0,1,30.315789473683754,100.0,12.6,58.199999999999996,35.0,23.199999999999996,30.0,True,False,True,False
6240.0,1,34.10526315789428,100.0,12.6,58.199999999999996,35.0,23.199999999999996,30.0,True,False,True,False
6300.0,1,37.894736842104805,100.0,12.6,58.199999999999996,35.0,23.199999999999996,30.0,True,False,True,False
6360.0,1,41.68421052631533,100.0,12.6,58.199999999999996,35.0,23.199999999999996,30.0,True,False,True,False
6420.0,1,45.47368421052586,100.0,12.6,58.199999999999996,35.0,23.199999999999996,60.0,True,True,True,False
6480.0,1,49.26315789473639,100.0,12.6,58.199999999999996,22.0,36.199999999999996,0.0,True,True,False,True
6540.0,1,53.052631578946915,100.0,12.6,58.199999999999996,22.0,36.199999999999996,0.0,True,False,False,False
6600.0,1,56.84210526315744,100.0,12.6,58.199999999999996,22.0,36.199999999999996,0.0,True,False,False,False
6660.0,1,60.63157894736797,100.0,12.6,58.199999999999996,22.0,36.199999999999996,0.0,True,False,False,False
6720.0,1,64.42105263157849,100.0,12.6,58.199999999999996,22.0,36.199999999999996,0.0,True,False,False,False
6780.0,1,68.21052631578901,100.0,12.6,58.199999999999996,22.0,36.199999999999996,0.0,True,False,False,False
6840.0,1,71.99999999999953,100.0,12.6,58.199999999999996,22.0,36.199999999999996,0.0,True,False,False,False
6900.0,1,75.78947368421005,100.0,12.6,58.199999999999996,22.0,36.199999999999996,0.0,True,False,False,False
6960.0,1,79.57894736842057,100.0,12.6,58.199999999999996,22.0,36.199999999999996,0.0,True,False,False,False
7020.0,1,83.36842105263109,100.0,12.6,58.199999999999996,22.0,36.199999999999996,0.0,True,False,False,False
7080.0,1,87.15789473684161,100.0,12.6,58.199999999999996,22.0,36.199999999999996,0.0,True,False,False,False
7140.0,1,90.94736842105213,100.0,12.6,58.199999999999996,22.0,36.199999999999996,0.0,True,False,False,False
7200.0,1,94.73684210526265,100.0,12.6,58.199999999999996,22.0,36.199999999999996,0.0,True,False,False,False
7260.0,1,98.52631578947317,100.0,12.6,58.199999999999996,22.0,36.199999999999996,0.0,True,False,False,False
7320.0,1,102.3157894736837,100.0,12.6,58.199999999999996,22.0,36.199999999999996,0.0,True,False,False,False
7380.0,1,106.10526315789421,100.0,12.6,58.199999999999996,22.0,36.199999999999996,0.0,True,False,False,False
7440.0,1,109.89473684210473,100.0,12.6,58.199999999999996,22.0,36.199999999999996,0.0,True,False,False,False
7500.0,1,113.68421052631525,100.0,12.6,58.199999999999996,22.0,36.199999999999996,0.0,True,False,False,False
7560.0,1,117.47368421052578,99.87719298245614,12.6,0.0,7.0,-7.0,0.0,False,False,False,False
7620.0,1,121.2631578947363,99.75438596491227,12.59,0.0,7.0,-7.0,0.0,False,False,False,False
7680.0,1,125.05263157894682,99.63157894736841,12.59,0.0,7.0,-7.0,0.0,False,False,False,False
7740.0,1,128.84210526315735,99.50877192982455,12.58,0.0,7.0,-7.0,0.0,False,False,False,False
7800.0,1,132.63157894736787,99.38596491228068,12.58,0.0,7.0,-7.0,0.0,False,False,False,False
7860.0,1,136.4210526315784,99.26315789473682,12.57,0.0,7.0,-7.0,0.0,False,False,False,False
7920.0,1,140.2105263157889,99.14035087719296,12.57,0.0,7.0,-7.0,0.0,False,False,False,False
7980.0,1,143.99999999999943,99.0175438596491,12.56,0.0,7.0,-7.0,0.0,False,False,False,False
8040.0,1,147.78947368420995,98.89473684210523,12.56,0.0,7.0,-7.0,0.0,False,False,False,False
8100.0,1,151.57894736842047,98.77192982456137,12.56,0.0,7.0,-7.0,0.0,False,False,False,False
8160.0,1,155.368421052631,98.6491228070175,12.55,0.0,7.0,-7.0,0.0,False,False,False,False
8220.0,1,159.1578947368415,98.52631578947364,12.55,0.0,7.0,-7.0,0.0,False,False,False,False
8280.0,1,162.94736842105203,98.40350877192978,12.54,0.0,7.0,-7.0,0.0,False,False,False,False
8340.0,1,166.73684210526255,98.28070175438592,12.54,0.0,7.0,-7.0,0.0,False,False,False,False
8400.0,1,170.52631578947307,98.15789473684205,12.53,0.0,7.0,-7.0,0.0,False,False,False,False
8460.0,1,174.3157894736836,98.03508771929819,12.53,0.0,7.0,-7.0,0.0,False,False,False,False
8520.0,1,178.10526315789411,97.91228070175433,12.52,0.0,7.0,-7.0,0.0,False,False,False,False
8580.0,1,181.89473684210463,97.78947368421046,12.52,0.0,7.0,-7.0,0.0,False,False,False,False
8640.0,1,185.68421052631516,97.6666666666666,12.52,0.0,7.0,-7.0,0.0,False,False,False,False
8700.0,1,189.47368421052568,97.54385964912274,12.51,0.0,7.0,-7.0,0.0,False,False,False,False
8760.0,1,193.2631578947362,97.42105263157887,12.51,0.0,7.0,-7.0,0.0,False,False,False,False
8820.0,1,197.05263157894672,97.29824561403501,12.5,0.0,7.0,-7.0,0.0,False,False,False,False
8880.0,1,200.84210526315724,97.17543859649115,12.5,0.0,7.0,-7.0,0.0,False,False,False,False
8940.0,1,204.63157894736776,97.05263157894728,12.49,0.0,7.0,-7.0,0.0,False,False,False,False
9000.0,1,208.42105263157828,96.92982456140342,12.49,0.0,7.0,-7.0,0.0,False,False,False,False
9060.0,1,212.2105263157888,96.80701754385956,12.49,0.0,7.0,-7.0,0.0,False,False,False,False
9120.0,1,215.99999999999932,96.6842105263157,12.48,0.0,7.0,-7.0,0.0,False,False,False,False
9180.0,1,219.78947368420984,96.56140350877183,12.48,0.0,7.0,-7.0,0.0,False,False,False,False
9240.0,1,223.57894736842036,96.43859649122797,12.47,0.0,7.0,-7.0,0.0,False,False,False,False
9300.0,1,227.36842105263088,96.3157894736841,12.47,0.0,7.0,-7.0,0.0,False,False,False,False
9360.0,1,231.1578947368414,96.19298245614024,12.46,0.0,7.0,-7.0,0.0,False,False,False,False
9420.0,1,234.94736842105192,96.07017543859638,12.46,0.0,7.0,-7.0,0.0,False,False,False,False
9480.0,1,238.73684210526244,95.94736842105252,12.45,0.0,7.0,-7.0,0.0,False,False,False,False
9540.0,1,242.52631578947296,95.82456140350865,12.45,0.0,7.0,-7.0,0.0,False,False,False,False
9600.0,1,246.31578947368348,95.70175438596479,12.45,0.0,7.0,-7.0,0.0,False,False,False,False
9660.0,1,250.105263157894,96.17675438596478,12.46,58.199999999999996,7.0,51.199999999999996,0.0,True,False,False,False
9720.0,1,253.89473684210452,96.65175438596478,12.48,58.199999999999996,7.0,51.199999999999996,0.0,True,False,False,False
9780.0,1,257.68421052631504,97.12675438596477,12.5,58.199999999999996,7.0,51.199999999999996,0.0,True,False,False,False
9840.0,1,261.47368421052556,97.60175438596477,12.51,58.199999999999996,7.0,51.199999999999996,0.0,True,False,False,False
9900.0,1,265.2631578947361,98.07675438596476,12.53,58.199999999999996,7.0,51.199999999999996,0.0,True,False,False,False
9960.0,1,269.0526315789466,98.55175438596476,12.55,58.199999999999996,7.0,51.199999999999996,0.0,True,False,False,False
10020.0,1,272.8421052631571,99.02675438596475,12.56,58.199999999999996,7.0,51.199999999999996,0.0,True,False,False,False
10080.0,1,276.63157894736764,99.50175438596474,12.58,58.199999999999996,7.0,51.199999999999996,0.0,True,False,False,False
10140.0,1,280.42105263157816,99.97675438596474,12.6,58.199999999999996,7.0,51.199999999999996,0.0,True,False,False,False
10200.0,1,284.2105263157887,100.0,12.6,58.199999999999996,7.0,51.199999999999996,0.0,True,False,False,False
10260.0,1,287.9999999999992,100.0,12.6,58.199999999999996,7.0,51.199999999999996,0.0,True,False,False,False
10320.0,1,291.7894736842097,100.0,12.6,58.199999999999996,7.0,51.199999999999996,0.0,True,False,False,False
10380.0,1,295.57894736842024,100.0,12.6,58.199999999999996,7.0,51.199999999999996,0.0,True,False,False,False
10440.0,1,299.36842105263077,100.0,12.6,58.199999999999996,7.0,51.199999999999996,0.0,True,False,False,False
10500.0,1,303.1578947368413,100.0,12.6,58.199999999999996,7.0,51.199999999999996,0.0,True,False,False,False
10560.0,1,306.9473684210518,100.0,12.6,58.199999999999996,7.0,51.199999999999996,0.0,True,False,False,False
10620.0,1,310.7368421052623,100.0,12.6,58.199999999999996,7.0,51.199999999999996,0.0,True,False,False,False
10680.0,1,314.52631578947285,100.0,12.6,58.199999999999996,7.0,51.199999999999996,0.0,True,False,False,False
10740.0,1,318.31578947368337,100.0,12.6,58.199999999999996,7.0,51.199999999999996,0.0,True,False,False,False
10800.0,1,322.1052631578939,100.0,12.6,58.199999999999996,7.0,51.199999999999996,0.0,True,False,False,False
10860.0,1,325.8947368421044,100.0,12.6,58.199999999999996,7.0,51.199999999999996,0.0,True,False,False,False
10920.0,1,329.6842105263149,100.0,12.6,58.199999999999996,7.0,51.199999999999996,0.0,True,False,False,False
10980.0,1,333.47368421052545,100.0,12.6,58.199999999999996,7.0,51.199999999999996,0.0,True,False,False,False
11040.0,1,337.26315789473597,100.0,12.6,58.199999999999996,7.0,51.199999999999996,0.0,True,False,False,False
11100.0,1,341.0526315789465,100.0,12.6,58.199999999999996,7.0,51.199999999999996,0.0,True,False,False,False
11160.0,1,344.842105263157,100.0,12.6,58.199999999999996,7.0,51.199999999999996,0.0,True,False,False,False
11220.0,1,348.63157894736753,100.0,12.6,58.199999999999996,7.0,51.199999999999996,0.0,True,False,False,False
11280.0,1,352.42105263157805,100.0,12.6,58.199999999999996,7.0,51.199999999999996,0.0,True,False,False,False
11340.0,1,356.21052631578857,100.0,12.6,58.199999999999996,7.0,51.199999999999996,0.0,True,False,False,False
11400.0,1,359.9999999999991,100.0,12.6,58.199999999999996,7.0,51.199999999999996,0.0,True,False,False,False
